{
  "format_version": "1.8.0",
  "animations": {
    "animation.n.blaze.frozen": {
      "loop": true,
      "bones": {
        "upperBodyParts0": {
          "position": [
            5.29007,
            2.73183,
            -7.28115
          ]
        },
        "upperBodyParts1": {
          "position": [
            7.28115,
            2.31565,
            5.29007
          ]
        },
        "upperBodyParts2": {
          "position": [
            -5.29007,
            1.82223,
            7.28115
          ]
        },
        "upperBodyParts3": {
          "position": [
            -7.28115,
            1.37231,
            -5.29007
          ]
        },
        "upperBodyParts4": {
          "position": [
            3.37228,
            -2.92401,
            6.13415
          ]
        },
        "upperBodyParts5": {
          "position": [
            -6.13415,
            -2.99423,
            3.37228
          ]
        },
        "upperBodyParts6": {
          "position": [
            -3.37228,
            -2.82115,
            -6.13415
          ]
        },
        "upperBodyParts7": {
          "position": [
            6.13415,
            -2.44713,
            -3.37228
          ]
        },
        "upperBodyParts8": {
          "position": [
            5,
            -11.82115,
            0
          ]
        },
        "upperBodyParts9": {
          "position": [
            0,
            -11.55513,
            5
          ]
        },
        "upperBodyParts10": {
          "position": [
            -5,
            -11.21201,
            0
          ]
        },
        "upperBodyParts11": {
          "position": [
            0,
            -10.83943,
            -5
          ]
        }
      }
    }
  }
}