{"format_version":"1.8.0","animations":{"animation.hive.backbling.cyber_jetpack.idle":{"loop":true,"animation_length":0.16,"bones":{"LeftTurbine":{"rotation":{"0.0":[0,0,0],"0.04":[0,0,0.25],"0.12":[0,0,-0.25],"0.16":[0,0,0]},"position":{"0.0":[0,0,0],"0.04":[0,-0.01125,0],"0.12":[0,0.01125,0],"0.16":[0,-0.01125,0]}},"LeftFire":{"rotation":{"0.0":[0,0,0],"0.08":[0,-5.841,0]},"scale":{"0.0":[1,1,1],"0.04":[1,1.0576,1],"0.12":[1,0.9424,1],"0.16":[1,1.0576,1]}},"RightTurbine":{"rotation":{"0.0":[0,0,0],"0.04":[0,0,-0.25],"0.12":[0,0,0.25],"0.16":[0,0,0]},"position":{"0.0":[0,0,0],"0.04":[0,-0.01125,0],"0.12":[0,0.01125,0],"0.16":[0,-0.01125,0]}},"RightFire":{"rotation":{"0.04":[0,0,0],"0.12":[0,5.841,0]},"scale":{"0.0":[1,1,1],"0.08":[1,1.0576,1],"0.12":[1,0.9424,1],"0.16":[1,1.0576,1]}}}},"animation.hive.backbling.cyber_jetpack.idle_2":{"loop":true,"bones":{"LeftTurbine":{"rotation":[0,0,"math.cos(query.anim_time * 75) * 2"]},"LeftTurbine2":{"rotation":[0,0,"-math.cos(query.anim_time * 75) * 1"]},"LeftFire":{"rotation":[0,"math.cos(query.anim_time * 55) * 15",0]},"RightTurbine":{"rotation":[0,0,"-math.cos(query.anim_time * 75) * 2"]},"RightTurbine2":{"rotation":[0,0,"math.cos(query.anim_time * 75) * 1"]},"RightFire":{"rotation":[0,"math.cos(query.anim_time * 55) * 15",0]}}},"animation.hive.backbling.cyber_jetpack.jump":{"loop":true,"animation_length":0.92,"bones":{"Jetpack":{"position":{"0.0":[0,0,0],"0.04":[0,1,0],"0.44":[0,1.125,0],"0.56":[0,-0.15,0],"0.68":[0,0.025,0],"0.8":[0,0,0]}},"LeftTurbine":{"rotation":{"0.0":[0,0,0],"0.04":["math.cos(query.anim_time * 2560) * 3",0,33.43],"0.44":[0,0,36.3375],"0.52":[0,0,-11.628],"0.68":[0,0,1.4535],"0.8":[0,0,-0.5814],"0.92":[0,0,0]},"position":{"0.0":[0,0,0],"0.04":[0,-0.25,0],"0.44":[0,-0.25,0],"0.52":[0,0,0]}},"LeftTurbine2":{"rotation":{"0.0":[0,0,0],"0.04":[0,0,-33.4305],"0.44":[0,0,-36.3375],"0.52":[0,0,11.628],"0.68":[0,0,-1.4535],"0.8":[0,0,0.5814],"0.92":[0,0,0]},"scale":{"0.0":[1,1,1],"0.04":[1.1,1.1,1.1],"0.44":[1.1,1.1,1.1],"0.52":[1,1,1]}},"LeftFire":{"scale":{"0.0":[1,1,1],"0.04":[1.5,1.5,1.5],"0.12":[1.5,1.6778,1.5],"0.44":[1.5,1.7,1.5],"0.48":[1.2,1.7,1.2],"0.52":[0.7,0.8,0.7],"0.68":[1,1,1]}},"RightTurbine":{"rotation":{"0.0":[0,0,0],"0.04":["math.cos(query.anim_time * 2560) * 3",0,-33.43],"0.44":[0,0,-36.3375],"0.52":[0,0,11.628],"0.68":[0,0,-1.4535],"0.8":[0,0,0.5814],"0.92":[0,0,0]},"position":{"0.0":[0,0,0],"0.04":[0,-0.25,0],"0.44":[0,-0.25,0],"0.52":[0,0,0]}},"RightTurbine2":{"rotation":{"0.0":[0,0,0],"0.04":[0,0,33.4305],"0.44":[0,0,36.3375],"0.52":[0,0,-11.628],"0.68":[0,0,1.4535],"0.8":[0,0,-0.5814],"0.92":[0,0,0]},"scale":{"0.0":[1,1,1],"0.04":[1.1,1.1,1.1],"0.44":[1.1,1.1,1.1],"0.52":[1,1,1]}},"RightFire":{"scale":{"0.0":[1,1,1],"0.04":[1.5,1.5,1.5],"0.12":[1.5,1.6778,1.5],"0.44":[1.5,1.7,1.5],"0.48":[1.2,1.7,1.2],"0.52":[0.7,0.8,0.7],"0.68":[1,1,1]}}}},"animation.hive.backbling.cyber_jetpack.flightmode_on":{"loop":true,"bones":{"Jetpack":{"rotation":[0,0,"math.cos(query.anim_time * 2562) * 0.3"],"position":[0,1,0]},"LeftTurbine":{"rotation":["math.cos(query.anim_time * 2560) * 3",0,33.43],"position":[0,-0.25,0]},"LeftTurbine2":{"rotation":[0,0,-33.4305],"scale":1.1},"LeftFire":{"scale":1.5},"RightTurbine":{"rotation":["math.cos(query.anim_time * 2560) * 3",0,-33.43],"position":[0,-0.25,0]},"RightTurbine2":{"rotation":[0,0,33.4305],"scale":1.1},"RightFire":{"scale":1.5}}},"animation.hive.backbling.cyber_jetpack.flightmode_off":{"loop":"hold_on_last_frame","animation_length":0.48,"bones":{"Jetpack":{"position":{"0.0":[0,1.125,0],"0.12":[0,-0.15,0],"0.24":[0,0.025,0],"0.36":[0,0,0]}},"LeftTurbine":{"rotation":{"0.0":[0,0,36.3375],"0.08":[0,0,-11.628],"0.24":[0,0,1.4535],"0.36":[0,0,-0.5814],"0.48":[0,0,0]},"position":{"0.0":[0,-0.25,0],"0.08":[0,0,0]}},"LeftTurbine2":{"rotation":{"0.0":[0,0,-36.3375],"0.08":[0,0,11.628],"0.24":[0,0,-1.4535],"0.36":[0,0,0.5814],"0.48":[0,0,0]},"scale":{"0.0":[1.1,1.1,1.1],"0.08":[1,1,1]}},"LeftFire":{"scale":{"0.0":[1.5,1.7,1.5],"0.04":[1.2,1.7,1.2],"0.08":[0.7,0.8,0.7],"0.24":[1,1,1]}},"RightTurbine":{"rotation":{"0.0":[0,0,-36.3375],"0.08":[0,0,11.628],"0.24":[0,0,-1.4535],"0.36":[0,0,0.5814],"0.48":[0,0,0]},"position":{"0.0":[0,-0.25,0],"0.08":[0,0,0]}},"RightTurbine2":{"rotation":{"0.0":[0,0,36.3375],"0.08":[0,0,-11.628],"0.24":[0,0,1.4535],"0.36":[0,0,-0.5814],"0.48":[0,0,0]},"scale":{"0.0":[1.1,1.1,1.1],"0.08":[1,1,1]}},"RightFire":{"scale":{"0.0":[1.5,1.7,1.5],"0.04":[1.2,1.7,1.2],"0.08":[0.7,0.8,0.7],"0.24":[1,1,1]}}}}}}