{"format_version":"1.8.0","animations":{"animation.hive.backbling.soaring_heart.spawn":{"loop":"hold_on_last_frame","animation_length":1.32,"bones":{"heart":{"scale":{"0.0":[0.2,0.2,0.4],"0.2":[1,1,1],"0.4":[1.0357,1.0357,1.0357],"0.52":[1.05,1.05,1.05],"0.76":[0.9917,0.9917,0.9938],"0.84":[0.9972,0.9972,0.9979],"0.92":[1,1,1]}},"rightWing":{"rotation":{"0.0":[-177.16051,41.18249,-180.13647],"0.2":[-22.17599,46.04179,-29.52015],"0.28":[-7.39,15.35,-9.84],"0.44":[-2.46,5.12,-3.28],"0.6":[-0.49,1.02,-0.66],"0.76":[0,0,0],"0.88":[0,0,-2.5],"1.12":[0,0,-0.63],"1.32":[0,0,0]}},"leftWing":{"rotation":{"0.0":[-177.16051,-41.18249,180.13647],"0.2":[-22.17599,-46.04179,29.52015],"0.28":[-7.39,-15.35,9.84],"0.44":[-2.46,-5.12,3.28],"0.6":[-0.49,-1.02,0.66],"0.76":[0,0,0],"0.88":[0,0,2.5],"1.12":[0,0,0.63],"1.32":[0,0,0]}},"mid":{"position":{"0.0":[0,-2,0],"0.2":[0,0,0],"0.28":[0,0.67,0],"0.4":[0,0.92,0],"0.52":[0,1,0],"0.6":[0,0.8,0],"0.68":[0,0.17,0],"0.76":[0,-0.15,0],"0.84":[0,-0.11,0],"0.96":[0,-0.03,0],"1.04":[0,0,0]},"scale":{"0.0":[0.2,0.2,0.2],"0.2":[1,1,1],"0.28":[1.045,1.045,1],"0.4":[1.0619,1.0619,1],"0.52":[1.0675,1.0675,1],"0.6":[1.0675,1.0675,1],"0.76":[1,1,1]}}}},"animation.hive.backbling.soaring_heart.idle":{"loop":true,"bones":{"heart":{"position":[0,"((math.cos((query.anim_time + 6.5) * 60) * 1.2))",0]},"rightWing":{"rotation":[0,"-((math.cos((query.anim_time + 4.1) * 800) * 20))","-math.cos(query.anim_time * 60) * 5"],"position":[0,"math.cos(query.anim_time * 60) * 1 + 1",0]},"leftWing":{"rotation":[0,"((math.cos((query.anim_time + 4.1) * 800) * 20))","math.cos(query.anim_time * 60) * 5"],"position":[0,"math.cos(query.anim_time * 60) * 1 + 1",0]},"mid":{"scale":["1 + (math.cos(query.anim_time * 60) * 0.1 + 0.1)",1,1]}}}}}