{"format_version":"1.8.0","animations":{"animation.hive.backbling.steampunk_wings.spawn":{"loop":"hold_on_last_frame","animation_length":1.16,"bones":{"backBling":{"scale":{"0.0":[1,1,0.6],"0.28":[1,1,1],"0.36":[1,1,0.9861],"0.44":[1,1,1]}},"gear1":{"position":{"0.0":[0,-3,0],"0.24":[0,0,0],"0.36":[0,-0.076,0],"0.48":[0,0,0]},"scale":{"0.0":[0.5,0.5,1],"0.24":[1,1,1]}},"gear2":{"position":{"0.0":[0,3,0],"0.28":[0,0,0],"0.4":[0,0.076,0],"0.52":[0,0,0]},"scale":{"0.0":[0.5,0.5,1],"0.28":[1,1,1]}},"rightWings":{"rotation":{"0.0":[9.92379,12.468,55.89886],"0.12":[3.97,4.99,22.36],"0.24":[0.99,1.25,5.59],"0.36":[0,0,0],"0.6":[0.198,0.249,1.119],"0.88":[0,0,-0.225],"1.16":[0,0,0]},"position":{"0.0":[3.5,0,0],"0.12":[1.4,0,0],"0.24":[0.35,0,0],"0.36":[0,0,0],"0.6":[0.069,0,0],"0.88":[0,0,0],"1.16":[0,0,0]}},"rightWingMid":{"rotation":{"0.0":[0,0,-40],"0.12":[0,0,-16],"0.24":[0,0,-4],"0.36":[0,0,0]},"position":{"0.0":[0,0,-0.5],"0.12":[0,0,-0.2],"0.24":[0,0,-0.05],"0.36":[0,0,0]},"scale":{"0.0":[0.4,0,1],"0.12":[0.76,0.6,1],"0.24":[0.94,0.9,1],"0.36":[1,1,1]}},"rightWingTip":{"rotation":{"0.08":[0,0,32.5],"0.48":[0,0,0],"0.68":[0,0,2.5],"0.96":[0,0,0]}},"leftWings":{"rotation":{"0.0":[9.92379,-12.468,-55.89886],"0.12":[3.97,-4.99,-22.36],"0.24":[0.99,-1.25,-5.59],"0.36":[0,0,0],"0.6":[0.198,-0.249,-1.119],"0.88":[0,0,0.225],"1.16":[0,0,0]},"position":{"0.0":[-3.5,0,0],"0.12":[-1.4,0,0],"0.24":[-0.35,0,0],"0.36":[0,0,0],"0.6":[-0.069,0,0],"0.88":[0,0,0],"1.16":[0,0,0]}},"leftWingMid":{"rotation":{"0.0":[0,0,40],"0.12":[0,0,16],"0.24":[0,0,4],"0.36":[0,0,0]},"position":{"0.0":[0,0,-0.5],"0.12":[0,0,-0.2],"0.24":[0,0,-0.05],"0.36":[0,0,0]},"scale":{"0.0":[0.4,0,1],"0.12":[0.76,0.6,1],"0.24":[0.94,0.9,1],"0.36":[1,1,1]}},"leftWingTip":{"rotation":{"0.08":[0,0,-32.5],"0.52":[0,0,0],"0.72":[0,0,-2.5],"1.0":[0,0,0]}}}},"animation.hive.backbling.steampunk_wings.idle":{"loop":true,"bones":{"gear1":{"rotation":[0,0,"math.mod(query.anim_time * 3, 360)"],"position":[0,"-math.cos(query.anim_time * 2060) * 0.015",0]},"gear2":{"rotation":[0,0,"-math.mod(query.anim_time * 3, 360)"],"position":[0,"math.cos(query.anim_time * 2060) * 0.02",0]},"rightWings":{"rotation":[0,0,"math.cos(query.anim_time * 120) * 2"],"position":[0,"math.cos(query.anim_time * 1750) * 0.02",0]},"rightWingMid":{"rotation":[0,0,"((math.cos((query.anim_time + 1.75) * 120) * 2))"]},"rightWingTip":{"rotation":[0,0,"((math.cos((query.anim_time + 1.95) * 120) * 1))"]},"leftWings":{"rotation":[0,0,"-math.cos(query.anim_time * 120) * 2"],"position":[0,"math.cos(query.anim_time * 1750) * 0.02",0]},"leftWingMid":{"rotation":[0,0,"-((math.cos((query.anim_time + 1.75) * 120) * 2))"]},"leftWingTip":{"rotation":[0,0,"-((math.cos((query.anim_time + 1.95) * 120) * 1))"]},"vibrate":{"rotation":[0,0,"math.cos(query.anim_time * 2060) * 0.5"]}}},"animation.hive.backbling.steampunk_wings.idle_2":{"loop":true,"animation_length":27,"bones":{"gear1":{"rotation":{"1.16":[0,0,0],"1.48":[0,0,1.79],"2.28":[0,0,8.96],"3.16":[0,0,13.62],"3.32":[0,0,15.61],"3.6":[0,0,22.58],"4.8":[0,0,67.37],"6.2":[0,0,105.0755],"6.52":[0,0,120.4855],"9.2":[0,0,284.3],"9.76":[0,0,308.42],"10.48":[0,0,334.11],"10.88":[0,0,341.24],"11.52":[0,0,354.82],"12.04":[0,0,358.19],"12.56":[0,0,360]}},"gear2":{"rotation":{"1.16":[0,0,0],"1.48":[0,0,-1.79],"2.28":[0,0,-8.96],"3.16":[0,0,-13.62],"3.32":[0,0,-15.61],"3.6":[0,0,-22.58],"4.8":[0,0,-67.37],"6.2":[0,0,-105.0755],"6.52":[0,0,-120.4855],"9.2":[0,0,-284.3],"9.76":[0,0,-308.42],"10.48":[0,0,-334.11],"10.88":[0,0,-341.24],"11.52":[0,0,-354.82],"12.04":[0,0,-358.19],"12.56":[0,0,-360]}},"gauge":{"rotation":{"0.0":[0,0,45],"1.0":[0,0,45],"1.52":[0,0,27.5],"2.0":[0,0,27.5],"2.52":[0,0,37.5],"3.04":[0,0,37.5],"4.0":[0,0,-20],"4.52":[0,0,-20],"5.0":[0,0,-7.5],"6.0":[0,0,-7.5],"7.0":[0,0,-37.5],"8.0":[0,0,-37.5],"8.48":[0,0,-42.5],"9.0":[0,0,-42.5],"10.04":[0,0,25],"10.56":[0,0,25],"11.04":[0,0,45]}},"rightWings":{"rotation":{"1.36":[0,0,0],"2.24":[0,0,-1.09],"2.88":[0,0,-0.64],"3.28":[0,0,-0.64],"4.36":[0,0,-7.02],"4.76":[0,0,-7.25],"5.4":[0,0,-4.42],"6.2":[0,0,-4.42],"7.24":[0,0,-8.62],"8.16":[0,0,-8.62],"8.8":[0,0,-10],"9.2":[0,0,-10],"10.12":[0,0,-3.73],"11.56":[0,0,0]}},"rightWingMid":{"rotation":{"1.36":[0,0,0],"2.24":[0,0,1.36],"2.88":[0,0,0.8],"3.28":[0,0,0.8],"4.36":[0,0,8.78],"4.76":[0,0,9.07],"5.4":[0,0,5.53],"6.2":[0,0,5.53],"7.24":[0,0,10.78],"8.16":[0,0,10.78],"8.8":[0,0,12.5],"9.2":[0,0,12.5],"10.12":[0,0,4.66],"11.56":[0,0,0]}},"leftWings":{"rotation":{"1.36":[0,0,0],"2.24":[0,0,1.09],"2.88":[0,0,0.64],"3.28":[0,0,0.64],"4.36":[0,0,7.02],"4.76":[0,0,7.25],"5.4":[0,0,4.42],"6.2":[0,0,4.42],"7.24":[0,0,8.62],"8.16":[0,0,8.62],"8.8":[0,0,10],"9.2":[0,0,10],"10.12":[0,0,3.73],"11.56":[0,0,0]}},"leftWingMid":{"rotation":{"1.36":[0,0,0],"2.24":[0,0,-1.36],"2.88":[0,0,-0.8],"3.28":[0,0,-0.8],"4.36":[0,0,-8.78],"4.76":[0,0,-9.07],"5.4":[0,0,-5.53],"6.2":[0,0,-5.53],"7.24":[0,0,-10.78],"8.16":[0,0,-10.78],"8.8":[0,0,-12.5],"9.2":[0,0,-12.5],"10.12":[0,0,-4.66],"11.56":[0,0,0]}}}}}}