{
  "format_version": "1.8.0",
  "animations": {
    "animation.n.ft.treasure_chest.open": {
      "loop": "hold_on_last_frame",
      "animation_length": 1,
      "bones": {
        "chest": {
          "rotation": {
            "0.0": [
              0,
              0,
              0
            ],
            "0.1": [
              5,
              0,
              0
            ],
            "0.2": [
              -3,
              0,
              0
            ],
            "0.35": [
              -7.5,
              0,
              0
            ],
            "0.45": [
              5,
              0,
              0
            ],
            "0.5": [
              0,
              0,
              0
            ]
          },
          "position": {
            "0.0": [
              0,
              0,
              0
            ],
            "0.1": [
              0,
              0,
              0
            ],
            "0.2": {
              "pre": [
                0,
                3,
                0
              ],
              "post": [
                0,
                3,
                0
              ],
              "lerp_mode": "catmullrom"
            },
            "0.35": [
              0,
              0.5,
              0
            ],
            "0.4": [
              0,
              0.5,
              0
            ],
            "0.45": [
              0,
              0.5,
              0
            ],
            "0.5": [
              0,
              0,
              0
            ]
          },
          "scale": {
            "0.0": [
              1,
              1,
              1
            ],
            "0.05": [
              1.23646,
              0.67431,
              1.16548
            ],
            "0.1": [
              1.3,
              0.6,
              1.2
            ],
            "0.15": [
              0.87897,
              1.35011,
              0.96754
            ],
            "0.2": [
              0.8,
              1.5,
              0.8
            ],
            "0.25": [
              0.80996,
              1.46356,
              0.8151
            ],
            "0.3": [
              0.90001,
              1.20731,
              0.90253
            ],
            "0.35": [
              1,
              1,
              1
            ],
            "0.4": [
              1.0459,
              0.91824,
              1.05133
            ],
            "0.45": [
              1.05928,
              0.89441,
              1.06661
            ],
            "0.5": [
              1.05835,
              0.89607,
              1.06573
            ],
            "0.55": [
              1.04952,
              0.91179,
              1.05587
            ],
            "0.65": [
              1,
              1,
              1
            ]
          }
        },
        "lid": {
          "rotation": {
            "0.0": [
              0,
              0,
              0
            ],
            "0.1": [
              0,
              0,
              0
            ],
            "0.35": [
              -145,
              0,
              0
            ],
            "0.45": [
              -117.5,
              0,
              0
            ],
            "0.55": [
              -145,
              0,
              0
            ],
            "0.6": [
              -142.5,
              0,
              0
            ],
            "0.65": [
              -145,
              0,
              0
            ]
          },
          "scale": [
            1.01,
            1,
            1
          ]
        },
        "treasure": {
          "scale": {
            "0.8": [
              1.0073,
              0.98699,
              1.00824
            ],
            "0.85": [
              1,
              1,
              1
            ],
            "0.9": [
              0.84387,
              0.84387,
              0.84387
            ],
            "0.95": [
              0.56953,
              0.56953,
              0.56953
            ],
            "1.0": [
              0,
              0,
              0
            ]
          }
        }
      },
      "particle_effects": {
        "0.15": {
          "effect": "treasure_chest_coins"
        },
        "0.2": {
          "effect": "treasure_chest_sparkles"
        }
      }
    },
    "animation.n.ft.treasure_chest.opened": {
      "loop": true,
      "bones": {
        "chest": {
          "rotation": [
            0,
            0,
            0
          ],
          "position": [
            0,
            0,
            0
          ],
          "scale": 1
        },
        "treasure": {
          "scale": 0
        },
        "lid": {
          "rotation": [
            -145,
            0,
            0
          ],
          "scale": [
            1.01,
            1,
            1
          ]
        }
      }
    },
    "animation.n.ft.treasure_chest.wrong1": {
      "loop": "hold_on_last_frame",
      "animation_length": 0.4,
      "bones": {
        "chest": {
          "rotation": {
            "0.0": [
              0,
              0,
              0
            ],
            "0.1": [
              5,
              7.5,
              -5
            ],
            "0.25": [
              -5,
              -5,
              5
            ],
            "0.35": [
              2.5,
              -2.5,
              -2.5
            ],
            "0.4": [
              0,
              0,
              0
            ]
          },
          "position": {
            "0.0": [
              0,
              0,
              0
            ],
            "0.1": [
              1,
              5,
              0
            ],
            "0.25": [
              -0.5,
              1,
              0
            ],
            "0.35": [
              0,
              0.5,
              0
            ],
            "0.4": [
              0,
              0,
              0
            ]
          },
          "scale": {
            "0.0": [
              1,
              1,
              1
            ],
            "0.05": [
              0.9,
              1.2,
              0.9
            ],
            "0.1": [
              0.9029,
              1.18553,
              0.90662
            ],
            "0.15": [
              0.93315,
              1.12483,
              0.93345
            ],
            "0.2": [
              1,
              1,
              1
            ]
          }
        }
      }
    },
    "animation.n.ft.treasure_chest.wrong2": {
      "loop": "hold_on_last_frame",
      "animation_length": 0.4,
      "bones": {
        "chest": {
          "rotation": {
            "0.0": [
              0,
              0,
              0
            ],
            "0.1": [
              5,
              -7.5,
              5
            ],
            "0.25": [
              -5,
              5,
              -5
            ],
            "0.35": [
              2.5,
              2.5,
              2.5
            ],
            "0.4": [
              0,
              0,
              0
            ]
          },
          "position": {
            "0.0": [
              0,
              0,
              0
            ],
            "0.1": [
              -1,
              5,
              0
            ],
            "0.25": [
              0.5,
              1,
              0
            ],
            "0.35": [
              0,
              0.5,
              0
            ],
            "0.4": [
              0,
              0,
              0
            ]
          },
          "scale": {
            "0.0": [
              1,
              1,
              1
            ],
            "0.05": [
              0.9,
              1.2,
              0.9
            ],