{"format_version":"1.8.0","animations":{"animation.marketplace.main_three.loop":{"loop":true,"animation_length":7.5,"bones":{"root":{"rotation":{"0.0":[0,0,0],"3.375":[0,0,0],"4.0":[-205.68482,169.82219,159.82607],"4.8333":[-258.18325,180.07484,174.65492],"5.0":[-248.18325,180.07484,174.65492],"5.25":[-248.18325,180.07484,174.65492],"6.0":[-248.18325,180.07484,174.65492],"6.5833":[-173.2496,178.21334,179.29323],"7.0":[-180.7496,178.21334,179.29323]},"position":{"0.0":[0,0,0],"2.5":[0,0,0],"2.75":[0,1.46,11.25],"2.875":[0,-0.81,16.88],"3.0":[0,1.59,23.5],"3.125":[0,-0.51,30.13],"3.25":[0,1.79,36.75],"3.375":[0,-0.25,49.38],"4.0":[0,13,53],"4.8333":[0,0,0],"6.5833":[0,0,0],"7.0":[0,0,0],"7.5":[0,0,0]},"scale":{"3.375":[1,1,1],"3.5":[0,0,0],"4.0":[0,0,0],"4.2917":[1,1,1]}},"waist":{"rotation":{"0.0":[5,0,0],"0.5":[-5,0,0],"0.875":[-2.5,0,0],"1.0":[-10,0,0],"1.25":[-2.5,0,0],"1.5":[-5,0,0],"2.0":[0,0,0],"2.5":[-2.5,0,0],"2.75":[17.5,0,0],"3.25":[17.5,0,0],"4.5":[17.5,0,0],"5.0":[-15,0,0],"5.5":[-15,0,0],"6.0":[82.5,0,0],"6.4167":[59.44,0,0],"7.0":[5,0,0],"7.0417":[2.5,0,0],"7.5":[5,0,0]}},"body":{"rotation":{"0.0":[0,0,0],"7.5":[0,0,0]}},"cloth":{"rotation":{"2.5":[0,0,0],"2.75":[15,0,0],"3.0":[0,0,0],"3.25":[15,0,0],"3.5":[0,0,0],"4.5":[0,0,0],"5.0":[22.5,0,0],"5.25":[22.5,0,0],"6.0":[60,0,0]},"position":{"4.5":[0,0,0],"5.0":[0,0,-2],"5.25":[0,0,-2],"6.0":[0,0,0]}},"coat4":{"rotation":{"0.0":[0,0,0],"7.5":[0,0,0]}},"coat3":{"rotation":{"4.0":[10,0,0],"6.75":[10,0,0]}},"coatB3":{"rotation":{"2.5":[0,0,0],"2.75":[-30,0,0],"3.25":[-30,0,0],"4.0":[20,0,0],"5.5":[20,0,0],"6.0":[45,0,0],"7.0":[0,0,0]}},"coat1":{"rotation":{"0.0":[0,0,0],"2.5":[0,0,0],"2.75":[-2.5,0,0],"2.875":[0,0,0],"3.0":[-2.5,0,0],"3.25":[-2.5,0,0],"3.375":[0,0,0],"3.5":[-2.5,0,0],"5.0":[7.5,0,0],"5.5":[12.5,0,0],"6.0":[-12.5,0,0],"7.0":[0,0,0],"7.5":[0,0,0]},"position":{"0.0":[0,0,0],"7.5":[0,0,0]}},"coatB":{"rotation":{"2.5":[0,0,0],"2.75":[12.5,0,0],"3.25":[12.5,0,0],"4.0":[-30,0,0],"4.5":[-30,0,0],"5.0":[2.5,0,0],"5.5":[12.5,0,0],"6.0":[-27.5,0,0],"7.0":[0,0,0]}},"head":{"rotation":{"0.0":[0,0,0],"0.125":[5,0,0],"0.5":[-15,0,0],"0.875":[-12.5,0,0],"1.0":[-2.5,0,0],"1.25":[-12.5,0,0],"1.5":[-15,0,0],"2.0":[-7.5,0,0],"2.5":[-5,0,0],"2.75":[-22.5,0,0],"2.875":[-20,0,0],"3.0":[-22.5,0,0],"3.25":[-22.5,0,0],"3.375":[-20,0,0],"3.5":[-22.5,0,0],"4.0":[25,0,0],"4.2083":[-5,0,0],"4.5":[25,0,0],"4.6667":[15.2485,7.51817,6.85923],"4.8333":[-36.12575,3.75909,3.42962],"5.0":[-32.5,0,0],"5.25":[-32.5,0,0],"6.0":[30,0,0],"7.0":[17.5,0,0],"7.5":[0,0,0]}},"rightArm":{"rotation":{"0.0":[23.39999,-8.92653,1.0723],"0.375":[-12.06838,3.89317,-2.35862],"0.5":[-7.14148,2.51446,-1.03279],"0.875":[-12.06838,3.89317,-2.35862],"1.25":[-12.07,3.89,-2.36],"1.5":[-7.14148,2.51446,-1.03279],"2.0":[70.87872,-26.30534,17.62913],"2.5":[70.87872,-26.30534,17.62913],"2.75":[49.44444,-8.53368,21.58046],"3.0":[96.94444,-8.53368,21.58046],"3.25":[49.44444,-8.53368,21.58046],"3.5":[96.94444,-8.53368,21.58046],"4.0":[24.44444,-8.53368,21.58046],"4.2083":[41.94259,-8.53215,21.58027],"4.5":[24.44,-8.53,21.58],"4.6667":[62.26914,14.41825,41.28314],"4.8333":[113.84828,37.36649,60.98628],"5.0":[138.76322,51.24182,90.0261],"5.25":[138.76322,51.24182,90.0261],"6.0":[56.73801,-9.2492,23.15902],"7.0":[70.87872,-26.30534,17.62913],"7.5":[23.39999,-8.92653,1.0723]},"position":{"0.875":[0,0,0],"1.0":[0,0,1],"1.25":[0,0,0]}},"rightItem":{"rotation":[0,0,0]},"rightHand":{"rotation":{"0.0":[9,0,0],"2.5":[9,0,0],"2.75":[-32.5,0,0],"3.25":[-32.5,0,0],"5.5":[-32.5,0,0],"6.0":[-75,0,0],"7.0":[-16,0,0],"7.5":[9,0,0]}},"leftArm":{"rotation":{"0.0":[25.26044,11.30856,-2.79176],"0.375":[-11.65333,-3.91219,3.37949],"0.5":[-7.16159,-2.76965,1.64414],"0.875":[-11.65333,-3.91219,3.37949],"1.5":[-7.16159,-2.76965,1.64414],"2.0":[71.41945,32.10292,-15.04505],"2.5":[71.41945,32.10292,-15.04505],"2.75":[111.41945,32.10292,-15.04505],"3.0":[28.24195,22.40872,-26.93618],"3.25":[111.41945,32.10292,-15.04505],"3.5":[28.24195,22.40872,-26.93618],"4.0":[18.24195,22.40872,-26.93618],"4.2083":[53.24114,22.40925,-26.93777],"4.5":[18.24,22.41,-26.94],"4.6667":[30.5975,-2.47726,-39.59907],"4.8333":[91.705,-27.36452,-52.25815],"5.0":[107.8125,-52.25177,-64.91722],"5.25":[107.8125,-52.25177,-64.91722],"6.0":[51.68108,25.40289,-6.88298],"7.0":[71.41945,32.10292,-15.04505],"7.5":[25.26044,11.30856,-2.79176]},"position":{"0.875":[0,0,0],"1.0":[0,0,1],"1.25":[0,0,0]}},"leftHand":{"rotation":{"0.0":[0,0,0],"2.5":[0,0,0],"2.75":[-35,0,0],"3.25":[-35,0,0],"7.5":[0,0,0]}},"item_root":{"rotation":{"0.0":[0,0,0],"0.875":[0,0,0],"1.0":[7.54021,-0.04138,0.13858],"1.25":[0,0,0],"1.5":[0,0,0],"2.0":[23.86028,-6.48693,85.48026],"2.5":[23.86028,-6.48693,85.48026],"5.5":[23.86028,-6.48693,85.48026],"6.0":[18.40936,-6.40607,57.45557],"7.0":[18.40936,-6.40607,57.45557],"7.5":[0,0,0]},"position":{"0.0":[0,0,0],"0.875":[0,0,0],"1.25":[0,0,0],"7.5":[0,0,0]}},"rightLeg":{"rotation":{"2.5":[0,0,0],"2.75":[-30,0,0],"3.0":[32.5,0,0],"3.25":[-30,0,0],"3.5":[32.5,0,0],"4.0":[-30,0,0],"4.2083":[-2.29,0,0],"5.0":[-15,0,0],"5.5":[-5,0,0],"5.9583":[-35,0,0],"7.0":[0,0,0]}},"rightFoot":{"rotation":{"2.5":[0,0,0],"2.75":[45,0,0],"3.0":[-2.5,0,0],"3.25":[45,0,0],"3.5":[-2.5,0,0],"5.0":[15,0,0],"5.5":[-2.5,0,0],"5.9583":[82.5,0,0],"7.0":[0,0,0]}},"leftLeg":{"rotation":{"2.5":[0,0,0],"2.75":[20,0,0],"3.0":[-42.5,0,0],"3.25":[20,0,0],"3.5":[-42.5,0,0],"4.2083":[-2.29,0,0],"5.0":[-12.5,0,0],"5.5":[-5,0,0],"5.9583":[-17.5,0,0],"7.0":[0,0,0]}},"leftFoot":{"rotation":{"2.5":[0,0,0],"2.75":[12.5,0,0],"3.0":[60,0,0],"3.25":[12.5,0,0],"3.5":[60,0,0],"4.0":[5,0,0],"5.0":[20,0,0],"5.5":[5,0,0],"5.9583":[35,0,0],"7.0":[0,0,0]}}}},"animation.marketplace.main_stand_three.loop":{"loop":true,"animation_length":4,"bones":{"layer1portal":{"rotation":{"0.0":[0,0,0],"2.0":[0,0,360],"4.0":[0,0,720]}},"layer0consumer":{"position":{"0.0":{"post":[0,0,0],"lerp_mode":"catmullrom"},"1.0":{"post":[0,0.9,0],"lerp_mode":"catmullrom"},"2.0":{"post":[0,0,0],"lerp_mode":"catmullrom"},"3.0":{"post":[0,0.9,0],"lerp_mode":"catmullrom"},"4.0":{"post":[0,0,0],"lerp_mode":"catmullrom"}}},"layer0spiritguide":{"rotation":{"0.0":[0,0,0],"0.16":[0,0,-10],"0.4":[0,0,0],"0.92":[0,0,0],"1.2":[0,0,10],"1.44":[0,0,0]},"position":{"0.0":[0,0,0],"0.16":[0,2,0],"0.4":[0,0,0],"0.92":[0,0,0],"1.2":[0,2,0],"1.44":[0,0,0]}},"layer0body2":{"rotation":{"0.0":[0,0,2.5],"0.68":[0,0,10],"1.28":[0,0,2.5],"1.96":[0,0,10],"2.6":[0,0,2.5],"3.24":[0,0,10],"3.88":[0,0,2.5]}},"layer0coat1":{"rotation":{"0.0":[0,0,-2.81],"0.32":[0,0,-10.75948],"0.6":[0,0,-9.99796],"1.28":[0,0,-7.81],"1.6":[0,0,-8.12273],"1.92":[0,0,-12.49796],"2.6":[0,0,2.19],"3.2":[0,0,-12.49796],"3.88":[0,0,-2.81]}},"layer0coatB1":{"rotation":{"0.0":[0,0,0],"0.32":[0,0,0],"0.68":[0,0,10],"1.28":[0,0,0],"1.6":[0,0,10],"2.28":[0,0,0],"2.6":[0,0,5],"3.24":[0,0,0]}},"layer0coat2":{"rotation":{"0.0":[0,0,1.41],"0.32":[0,0,2.78275],"0.68":[0,0,-7.53844],"1.28":[0,0,1.41],"1.6":[0,0,-4.15797],"1.96":[0,0,-5.03844],"2.6":[0,0,6.41],"3.24":[0,0,-5.03844],"3.88":[0,0,1.41]}},"layer0coatB2":{"rotation":{"0.0":[0,0,0],"0.32":[0,0,0],"0.68":[0,0,-12.5],"1.28":[0,0,0],"1.6":[0,0,-12.5],"2.28":[0,0,0],"2.6":[0,0,5],"3.24":[0,0,0]}},"layer0coat3":{"rotation":{"0.0":[0,0,0],"0.32":[3.5532,0.63356,-9.92265],"0.68":[-5.01939,0.21456,-8.81556],"1.28":[0,0,-5],"1.6":[-6.10303,-0.00635,-7.21878],"1.96":[-2.51992,0.1627,-8.80733],"2.6":[0,0,2.5],"3.24":[-2.51992,0.1627,-8.80733],"3.88":[0,0,0]}},"layer0coatB3":{"rotation":{"0.0":[0,0,0],"0.32":[-0.0868,-0.77529,3.67821],"0.68":[-12.50845,0.58774,-2.45116],"1.28":[0,0,0],"1.6":[-12.50845,0.58774,-2.45116],"2.28":[0,0,0],"2.6":[-0.01564,-0.75155,2.38443],"3.24":[0,0,0]}},"layer0coat4":{"rotation":{"0.0":[-2.81,0,0],"0.32":[-9.02428,-0.60568,-9.36688],"0.68":[-2.51374,-0.2939,-7.82952],"1.28":[-2.81,0,-5],"1.6":[-1.5672,-0.07291,-6.72485],"1.96":[-5.01196,-0.19896,-7.81877],"2.6":[-2.81,0,5],"3.24":[-5.01196,-0.19896,-7.81877],"3.88":[-2.81,0,0]}},