{"format_version":"1.8.0","animations":{"animation.cubecraft.summer_bundle_kill_effect.kill":{"loop":true,"animation_length":5.5,"bones":{"body1":{"rotation":{"0.0":[0,25,0],"0.5417":[0,-20,0],"0.7083":[0,-25,0],"0.9167":[0,-20,0],"1.3333":[0,70,0],"1.5833":[0,85,0],"1.875":[0,32.5,0],"2.125":[10,32.5,0],"2.375":[-5,32.5,0],"2.6667":[0,32.5,0],"2.9167":[-2.5,32.5,0],"3.4167":[-2.5,32.5,0],"3.6667":[38.51031,28.0058,6.9557],"4.0":[85.84046,28.19577,1.29111],"4.5":[0,25,0]},"position":{"0.0":[0,0,0],"0.5417":[0,0,-7],"0.9167":[0,0,-7],"1.3333":[0,0,-11],"1.875":[0,0,-5],"2.375":[0,0,-0.4],"2.9167":[0,0,-0.4],"3.2083":[0,0,-6],"3.4167":[0,0,-6],"3.6667":[0,-7,-15],"4.0":[0,-21,-23],"4.5":[0,0,0]},"scale":{"3.4167":[1,1,1],"3.4583":{"pre":[1,1,1],"post":[0,0,0]},"5.5":{"pre":[0,0,0],"post":[1,1,1]}}},"head1":{"rotation":{"0.0":[-15,-20,0],"0.5417":[-2.54213,22.46253,-1.82737],"0.9167":[-2.54213,22.46253,-1.82737],"1.3333":[-29.22083,-61.08472,30.62981],"1.5833":[-46.95719,-66.69829,42.00851],"1.875":[-17.67577,-17.79574,3.05004],"2.125":[9.82423,-17.79574,3.05004],"2.375":[-25.17577,-17.79574,3.05004],"2.6667":[-15.17577,-17.79574,3.05004],"2.9167":[-5.17577,-17.79574,3.05004],"3.2083":[-35.17577,-17.79574,3.05004],"3.4167":[-62.67577,-17.79574,3.05004],"4.0":[-0.17577,-17.79574,3.05004],"4.5":[-15,-20,0]}},"leftArm1":{"rotation":{"0.0":[0,0,22.5],"0.5417":[48.10617,55.03389,-13.82065],"0.9167":[48.10617,55.03389,-13.82065],"1.875":[33.10617,55.03389,-13.82065],"2.125":[31.30816,-34.43596,8.19209],"2.375":[-11.19184,-34.43596,8.19209],"2.6667":[1.30816,-34.43596,8.19209],"2.9167":[3.80816,-34.43596,8.19209],"3.2083":[36.30816,-34.43596,8.19209],"3.4167":[-1.19184,-34.43596,8.19209],"3.6667":[36.30816,-34.43596,8.19209],"4.0":[-12.82732,-47.02822,77.89649],"4.5":[0,0,22.5]}},"rightArm1":{"rotation":{"0.0":[0,62.5,-22.5],"0.5417":[82.61643,-28.25626,-28.09195],"0.9167":[82.61643,-28.25626,-28.09195],"1.3333":[60.88103,-0.75567,45.24343],"1.875":[35.7081,-26.32627,45.98066],"2.125":[77.77592,30.11135,34.48811],"2.375":[-31.23883,28.14477,-26.64232],"2.6667":[-27.46058,31.8268,-19.09467],"2.9167":[-24.96058,31.8268,-19.09467],"3.2083":[6.80228,31.25348,-1.48832],"3.4167":[-8.19772,31.25348,-1.48832],"3.6667":[30.48556,-3.45888,3.2115],"4.0":[20.08366,85.17422,-16.92403],"4.5":[0,62.5,-22.5]}},"rightItem1":{"rotation":{"0.0":[-95,0,0],"0.5417":[-87.5,0,0],"0.7083":[-80,0,0],"0.9167":[-87.5,0,0],"1.3333":[-40,0,0],"1.5833":[-10,0,0],"1.875":[-65,0,0],"3.4167":[-105,0,0],"4.5":[-95,0,0]}},"leftLeg1":{"rotation":{"0.0":[-3.90399,-17.07228,13.08619],"0.5417":[-18.90399,-17.07228,13.08619],"0.9167":[-18.90399,-17.07228,13.08619],"1.3333":[3.75158,-17.71706,20.91712],"1.875":[-19.14814,-12.32943,-14.94662],"2.125":[8.80666,-25.81206,13.53142],"2.375":[1.22669,-25.8106,7.97689],"2.6667":[-8.77331,-25.8106,7.97689],"2.9167":[-3.77331,-25.8106,7.97689],"3.2083":[21.22669,-25.8106,7.97689],"3.4167":[-1.27331,-25.8106,7.97689],"3.6667":[48.72669,-25.8106,7.97689],"4.0":[-0.70162,-3.42354,38.50006],"4.5":[-3.90399,-17.07228,13.08619]}},"rightLeg1":{"rotation":{"0.0":[-10.29354,38.86967,-16.14054],"0.5417":[32.6541,16.60804,-13.56771],"0.9167":[10.1541,16.60804,-13.56771],"1.3333":[-12.371,66.04748,-23.29826],"1.875":[48.79717,52.98679,45.24016],"2.125":[4.76453,66.55129,-4.61124],"2.6667":[21.03701,64.85749,13.21625],"2.9167":[28.53701,64.85749,13.21625],"3.2083":[55.04474,49.34721,44.28369],"3.4167":[23.62863,65.95782,7.81915],"3.6667":[31.86513,10.08677,6.73469],"4.0":[-5.25494,8.64508,-21.10676],"4.5":[-10.29354,38.86967,-16.14054]}},"body2":{"rotation":{"0.0":[-15,22.5,0],"0.5417":[-15.19,24.11,-0.48],"0.7083":[-15.50302,26.52089,-1.21188],"0.9167":[-15.19,24.11,-0.48],"1.3333":[-19.24287,-43.47501,19.35403],"1.5833":[-30.34814,-61.74785,33.13037],"1.875":[-14.03721,9.58927,3.46374],"2.375":[-2.37432,9.41852,-1.60293],"3.4167":[-2.37432,9.41852,-1.60293],"3.6667":[-2.83891,34.39366,-2.81869],"4.5":[-15,22.5,0]},"position":{"0.0":[0,-4,-3],"0.5417":[0,-1,0],"0.9167":[0,-1,0],"1.3333":[0,-1,-3],"1.875":[0,-1,0],"2.375":[0,0,0],"2.6667":[0,0,3],"3.2083":[0,0,7],"3.4167":[0,0,7],"3.6667":[0,0,4],"4.5":[0,-4,-3]}},"head2":{"rotation":{"0.0":[18.54835,-19.03771,-6.24605],"0.5417":[16.04835,-19.03771,-6.24605],"0.9167":[16.04835,-19.03771,-6.24605],"1.3333":[2.94661,51.37008,1.14303],"1.5833":[14.83833,64.29327,7.40964],"1.875":[13.96407,-1.0942,-8.04142],"2.125":[16.17971,-13.22073,-9.30541],"2.375":[-0.58751,-13.25955,-1.6004],"3.2083":[-13.08751,-13.25955,-1.6004],"3.4167":[-13.08751,-13.25955,-1.6004],"3.6667":[-16.12606,-37.48402,5.32621],"4.5":[18.54835,-19.03771,-6.24605]}},"leftArm2":{"rotation":{"0.0":[-10.82777,-19.84302,29.39942],"0.5417":[101.28329,40.79342,4.20761],"0.9167":[101.28329,40.79342,4.20761],"1.875":[76.28329,40.79342,4.20761],"2.125":[35.70097,3.33818,31.82236],"2.375":[-1.79903,3.33818,31.82236],"2.6667":[37.42489,17.6334,14.0988],"2.9167":[-10.07511,17.6334,14.0988],"3.2083":[44.26456,21.27857,-24.45989],"3.4167":[44.26456,21.27857,-24.45989],"3.6667":[-16.78692,-20.9757,6.99734],"4.0":[7.98343,16.17619,12.19256],"4.5":[-10.82777,-19.84302,29.39942]}},"rightArm2":{"rotation":{"0.0":[-22.95477,20.06624,-25.85184],"0.5417":[70.80737,-13.11021,99.42878],"0.9167":[70.80737,-13.11021,99.42878],"1.3333":[114.52916,-19.18673,-53.63633],"1.875":[79.52916,-19.18673,-53.63633],"2.125":[-3.26508,30.74843,-56.28415],"2.375":[-32.18823,39.72392,-41.51835],"2.6667":[-61.98265,8.63615,-23.51639],"2.9167":[-61.98265,8.63615,-23.51639],"3.2083":[54.62938,-27.99225,10.75086],"3.4167":[54.62938,-27.99225,10.75086],"3.6667":[-25.43942,-41.84324,-14.85668],"4.0":[9.1695,12.36544,-4.76503],"4.5":[-22.95477,20.06624,-25.85184]}},"rightItem2":{"rotation":{"0.0":[-55,0,0],"0.5417":[-102.5,0,0],"0.7083":[-92.5,0,0],"0.9167":[-102.5,0,0],"1.3333":[-52.5,0,0],"1.5833":[-37.5,0,0],"1.875":[-45,0,0],"2.125":[-102.5,0,0],"2.6667":[-27.5,0,0],"2.9167":[-27.5,0,0],"3.0833":[-27.80064,-11.16523,0.29017],"3.2083":[-90,0,0],"3.4167":[-90,0,0],"3.6667":[-2.5,0,0],"4.0":[-90,0,0],"4.5":[-55,0,0]},"position":{"0.0":[0,1,0],"4.5":[0,1,0]}},"leftLeg2":{"rotation":{"0.0":[16.90029,4.21457,4.28706],"1.3333":[2.79859,8.39662,-10.20965],"2.125":[5.80796,6.68582,12.42441],"2.6667":[-13.00042,3.46073,-2.2847],"2.9167":[-26.0327,2.82546,0.1352],"3.25":[4.64649,1.97842,3.36175],"3.6667":[14.87048,0.91963,7.39493],"4.0":[-2.62952,0.91963,7.39493],"4.5":[16.90029,4.21457,4.28706]},"position":{"0.0":[-0.76537,3.37601,1.00834],"0.5417":[-0.00463,0.00399,0.00166],"0.9167":[-0.00463,0.00399,0.00166],"3.25":[-0.00116,0.00212,0.00345],"3.6667":[0.08116,1.99788,-0.04345],"4.0":[-0.00116,0.00212,0.00345],"4.5":[-0.76537,3.37601,1.00834]}},"rightLeg2":{"rotation":{"0.0":[-35.1477,-20.65209,-1.44641],"0.5417":[-15.1477,-20.65209,-1.44641],"0.9167":[-15.1477,-20.65209,-1.44641],"1.3333":[12.73899,-1.62813,-28.45216],"1.875":[22.51358,-31.16262,20.75082],"2.125":[37.73899,-1.62813,-28.45216],"2.375":[-0.47166,-1.57655,-3.44228],"3.2083":[29.52834,-1.57655,-3.44228],"3.4167":[29.52834,-1.57655,-3.44228],"3.6667":[14.13754,-5.25469,3.10665],"4.0":[0.53084,-5.29835,-11.95749],"4.5":[-35.1477,-20.65209,-1.44641]},"position":{"2.375":[0.0021,0.00038,0.00233],"2.6667":[-0.2721,2.07962,1.89767],"3.2083":[-0.32519,0.08212,1.97368],"3.4167":[-0.32519,0.08212,1.97368],"4.0":[-0.5893,0.0603,0.5799]}}},"particle_effects":{"3.45":[{"effect":"dust","bind_to_actor":false,"locator":"dust_head","pre_effect_script":"variable.color.r\u003d0.5;variable.color.g\u003d0.5;variable.color.b\u003d0.5;"},{"effect":"dust","bind_to_actor":false,"locator":"dust_body","pre_effect_script":"variable.color.r\u003d0.4;variable.color.g\u003d1.4;variable.color.b\u003d0.2;"},{"effect":"dust","bind_to_actor":false,"locator":"dust_arml","pre_effect_script":"variable.color.r\u003d0.25;variable.color.g\u003d0.75;variable.color.b\u003d0.25;"},{"effect":"dust","bind_to_actor":false,"locator":"dust_armr",