{
	"animations": {
		"animation.miners.sera.idle": {
			"loop": true,
			"animation_length": 1.12,
			"bones": {
				"melvin": {
					"position": {
						"0.0": [-3, 0, 2],
						"0.6": [-3, 0, 2],
						"0.76": [-3, 2, 2],
						"0.88": [-3, 0, 2],
						"1.12": [-3, 0, 2]
					}
				},
				"rightleg": {
					"rotation": {
						"0.0": [0, 0, 5],
						"0.64": [0, 0, 5],
						"0.8": [-32.5, 0, 5],
						"1.12": [0, 0, 5]
					}
				},
				"leftleg": {
					"rotation": {
						"0.0": [7.43656, 0.9762, -7.43656],
						"0.64": [7.43656, 0.9762, -7.43656],
						"0.8": [-5.06344, 0.9762, -7.43656],
						"1.12": [7.43656, 0.9762, -7.43656]
					}
				},
				"waist": {
					"rotation": {
						"0.0": [-15, 0, 0],
						"0.28": [-17.5, 0, 0],
						"0.48": [-17.5, 0, 0],
						"0.68": [22.5, 0, 0],
						"1.12": [-15, 0, 0]
					}
				},
				"head": {
					"rotation": {
						"0.0": [22.5, 0, 0],
						"0.28": [22.67458, 6.92618, 2.88419],
						"0.52": [22.5, 0, 0],
						"0.8": [22.57734, -4.61854, -1.91757],
						"1.12": [22.5, 0, 0]
					}
				},
				"rightarm": {
					"rotation": {
						"0.0": [-145, 0, 0],
						"0.28": [-152.5, 0, 0],
						"0.56": [-152.5, 0, 0],
						"0.76": [-45, 0, 0],
						"1.12": [-145, 0, 0]
					}
				},
				"pickaxe": {
					"rotation": {
						"0.76": [7.5, 0, 0],
						"0.92": [-10, 0, 0],
						"1.0": [7.5, 0, 0],
						"1.12": [7.5, 0, 0]
					}
				},
				"leftarm": {
					"rotation": {
						"0.0": [-27.5, 0, 0],
						"0.28": [-30, 0, 0],
						"0.76": [32.5, 0, 0],
						"1.12": [-27.5, 0, 0]
					}
				},
				"rock": {
					"position": {
						"0.76": [0, 0, 0],
						"0.84": [0, -1, 0],
						"0.92": [0, 0, 0]
					}
				}
			}
		}
	},
	"format_version": "1.8.0"
}